{"cameraMode":{"drawMode":0,"name":"Shaded","section":"Shading Mode"},"sceneLighting":false,"audioPlay":false,"sceneViewState":{"showFog":true,"showMaterialUpdate":false,"showSkybox":true,"showFlares":true,"showImageEffects":true,"showParticleSystems":true},"in2DMode":false,"pivot":{"x":2.167667865753174,"y":10.330363273620606,"z":0.0330352783203125},"rotation":{"x":0.004188742488622665,"y":0.027593249455094339,"z":0.00011576298857107759,"w":-0.999610424041748},"size":29.376466751098634,"orthographic":false}