{"cameraMode":{"drawMode":0,"name":"Shaded","section":"Shading Mode"},"sceneLighting":true,"audioPlay":false,"sceneViewState":{"showFog":true,"showMaterialUpdate":false,"showSkybox":true,"showFlares":true,"showImageEffects":true,"showParticleSystems":true},"in2DMode":false,"pivot":{"x":1.9999980926513672,"y":15.0,"z":14.999998092651368},"rotation":{"x":-0.0826900452375412,"y":0.024510348215699197,"z":-0.002034197561442852,"w":-0.9962718486785889},"size":81.44969940185547,"orthographic":false}